time,speaker,phase,content
17:03:12,NSF Research Team,introduction,Sorry.
17:03:13,G1P1,introduction,Your sound does… okay.
17:03:14,NSF Research Team,introduction,"No, it was… I completely forgot I had this thing. Um, we're gonna wait for one more person. It looks like there was one more person, so we're gonna hang out for them until about 5.05, and then if they don't show up, we're just gonna go and start"
17:03:25,NSF Research Team,introduction,"Um, since we do have two of you. So, can you please be patient? Thank you so much."
17:06:40,Experimenter 0,introduction,"Okay, we're gonna go ahead and get started here. So, it looks like you already have your cameras, microphones on."
17:06:47,Experimenter 0,introduction,"Uh, and so I renamed you to an anonymous ID to protect your privacy during the study."
17:06:53,Experimenter 0,introduction,"Um, so, like I said, thank you for joining me. Um…"
17:06:56,Experimenter 0,introduction,I would like you to welcome you to this experiment on collaborative creativity.
17:07:01,Experimenter 0,introduction,So…
17:07:03,Experimenter 0,introduction,"To get us started here, I'm gonna get a link."
17:07:06,Experimenter 0,introduction,Into the chat…
17:07:11,Experimenter 0,introduction,"Uh, I have just sent a link in the chat. This is the Informed Consent and demographic form. Please click the link."
17:07:16,Experimenter 0,introduction,"Read the information carefully, uh, and complete the form. Once you've submitted the form, please type the word DONE in the chat so I know you are ready to proceed."
17:08:04,G1P2,introduction,"For the participant ID, do you want to put the G1, P1, or our actual student ID?"
17:08:09,Experimenter 0,introduction,"The G1P1, yes."
17:08:11,G1P2,introduction,Okay.
17:10:41,Experimenter 0,introduction,"Okay, it looks like everyone has completed the informed consent and demographic"
17:10:45,Experimenter 0,introduction,"form. Uh, so I'm going to share another link in the chat now."
17:10:51,Experimenter 0,introduction,"Um, and…"
17:10:52,Experimenter 0,introduction,This is the pre-test questionnaire.
17:10:55,Experimenter 0,introduction,"Please click the link, read the information carefully, and complete the form. Once you've submitted a form."
17:11:00,Experimenter 0,introduction,"Please, again, uh, type the word done in the chat, so no, you're ready to proceed. Once again, using the"
17:11:05,Experimenter 0,introduction,"G1, P1, or P2."
17:11:07,Experimenter 0,introduction,"Uh, for your participant ID."
17:14:00,Experimenter 0,introduction,"Okay, so it looks like you all have completed that as well."
17:14:02,Experimenter 0,introduction,"Thank you so much. Uh, we are now moving into the first portion of the experiment. In this session, you'll be working as a group to generate ideas."
17:14:10,Experimenter 0,introduction,Give me one second so I can share my screen.
17:14:20,Experimenter 0,introduction,"Okay, and can you see what I'm sharing on my screen? It should say Osborne's Rules for Brainstorming."
17:14:26,Experimenter 0,introduction,"At the top. Perfect, okay."
17:14:29,Experimenter 0,introduction,"So, to help us get the most out of this session,"
17:14:31,Experimenter 0,introduction,We will follow Osborne's rules for brainstorming. Please follow along as I read them.
17:14:36,Experimenter 0,introduction,1. Quantity is wanted.
17:14:38,Experimenter 0,introduction,Produce as many ideas as possible.
17:14:41,Experimenter 0,introduction,2. Freewheeling is encouraged.
17:14:44,Experimenter 0,introduction,"The wilder the idea, the better."
17:14:45,Experimenter 0,introduction,Each idea can lead to another idea that may be better.
17:14:48,Experimenter 0,introduction,Generate as many ideas as possible to produce better ideas.
17:14:53,Experimenter 0,introduction,3. Criticism is not allowed.
17:14:55,Experimenter 0,introduction,Critical opinions of ideas will not be allowed. Every idea is welcome.
17:15:00,Experimenter 0,introduction,4. Combine and improve ideas. A combination of ideas can produce better ideas.
17:15:05,Experimenter 0,introduction,Be willing to improve ideas by combining two or more ideas.
17:15:09,Experimenter 0,introduction,5. Stay focused on the task.
17:15:11,Experimenter 0,introduction,"concentrate on the problem at hand, and avoid engaging in irrelevant thought processes and discussions."
17:15:17,Experimenter 0,introduction,"In addition to that, do not tell stories."
17:15:20,Experimenter 0,introduction,We are only interested in your ideas.
17:15:22,Experimenter 0,introduction,Do not tell stories about your experiences.
17:15:25,Experimenter 0,introduction,Do not explain ideas.
17:15:26,Experimenter 0,introduction,"Uh, refrain from expanding on why you think something is good or bad. Simply state your idea and continue with the next idea."
17:15:39,Experimenter 0,introduction,"Uh, do you have any questions about these rules before we begin?"
17:15:44,Experimenter 0,introduction,Perfect. Uh…
17:15:47,Experimenter 0,introduction,The problem you will be working on today is called the university problem.
17:15:52,Experimenter 0,introduction,We would like you to generate ideas or ways to improve your university.
17:15:55,Experimenter 0,introduction,Any suggestions you have about how to make the university better are appropriate.
17:15:59,Experimenter 0,introduction,You have 10 minutes to verbally brainstorm on this.
17:16:02,Experimenter 0,introduction,"Even if you are done before 10 minutes, keep trying to generate ideas."
17:16:06,Experimenter 0,introduction,I will return when the 10 minutes are up.
17:16:12,Experimenter 0,introduction,Okay. And so…
17:16:16,Experimenter 0,ideaGenerationOne,um… your time starts now.
17:16:20,G1P1,ideaGenerationOne,"Do we verbally say it, or just… do we…"
17:16:23,G1P1,ideaGenerationOne,Okay.
17:16:23,Experimenter 0,ideaGenerationOne,verbally say yes.
17:16:25,G1P1,ideaGenerationOne,"Okay, um…"
17:16:25,G1P2,ideaGenerationOne,parking.
17:16:27,G1P1,ideaGenerationOne,"I was gonna say the same thing. I think better parking situation, um…"
17:16:36,G1P1,ideaGenerationOne,"Uh, I think some type of, like,"
17:16:39,G1P1,ideaGenerationOne,Transportation.
17:16:41,G1P1,ideaGenerationOne,to be able to get across the campus.
17:16:44,G1P1,ideaGenerationOne,easier. Um…
17:16:49,G1P1,ideaGenerationOne,"like, I know there's some things."
17:16:51,G1P1,ideaGenerationOne,But…
17:16:53,G1P2,ideaGenerationOne,more things to do after…
17:16:56,G1P2,ideaGenerationOne,"At night, especially for those that have night classes, well, actually, in the morning, since people have night classes."
17:17:02,G1P2,ideaGenerationOne,Because everything they have going on?
17:17:04,G1P2,ideaGenerationOne,"That night, yeah. Um…"
17:17:08,G1P1,ideaGenerationOne,Um…
17:17:17,G1P2,ideaGenerationOne,"More programs for the psychology students, especially master's programs."
17:17:22,G1P2,ideaGenerationOne,extracurricular stuff.
17:17:34,G1P1,ideaGenerationOne,More vending machine set.
17:17:37,G1P1,ideaGenerationOne,like…
17:17:38,G1P1,ideaGenerationOne,To be able to get drinks easier.
17:17:42,G1P1,ideaGenerationOne,Especially in the buildings that don't have them.
17:17:46,G1P1,ideaGenerationOne,Um…
17:17:59,G1P1,ideaGenerationOne,Um…
17:18:06,G1P1,ideaGenerationOne,"I feel like if stuff gets moved, uh, making that…"
17:18:11,G1P1,ideaGenerationOne,"very known, also."
17:18:15,G1P1,ideaGenerationOne,uh… explaining what new things are.
17:18:20,G1P1,ideaGenerationOne,"like, where the, uh…"
17:18:26,G1P1,ideaGenerationOne,"If the, uh…"
17:18:31,G1P1,ideaGenerationOne,old campus shop is now a seating place.
17:18:36,G1P1,ideaGenerationOne,make that known.
17:18:38,G1P1,ideaGenerationOne,Because I'm not sure.
17:18:41,G1P1,ideaGenerationOne,Um…
17:18:45,G1P2,ideaGenerationOne,"more food options, that isn't know."
17:18:50,G1P1,ideaGenerationOne,Yes.
17:18:52,G1P2,ideaGenerationOne,So we don't have to leave campus.
17:18:55,G1P1,ideaGenerationOne,"I agree. Also, the, uh, text inbox used…"
17:19:00,G1P1,ideaGenerationOne,in more of the places that are…
17:19:04,G1P1,ideaGenerationOne,"basically, like, right next to campus, but aren't on campus."
17:19:11,G1P1,ideaGenerationOne,"Also, uh…"
17:19:15,G1P1,ideaGenerationOne,"Milking the, like…"
17:19:17,G1P1,ideaGenerationOne,"We… someone mentioned parking, but more specifically, um…"
17:19:23,G1P1,ideaGenerationOne,"And having a way to where it's known if, like, a lot is full."
17:19:29,G1P1,ideaGenerationOne,"Sort of like how, uh…"
17:19:31,G1P1,ideaGenerationOne,"In parking garages, there's ways you can know."
17:19:37,G1P1,ideaGenerationOne,"some way, magically. I don't know."
17:19:39,G1P1,ideaGenerationOne,But…
17:19:42,G1P1,ideaGenerationOne,"Um, oh, also the roads, making the roads around the entirety of the campus better."
17:19:52,G1P1,ideaGenerationOne,"like, we're… I don't know if the Dairy coin's still there, but…"
17:19:56,G1P1,ideaGenerationOne,"where that, like…"
17:19:58,G1P1,ideaGenerationOne,"going towards honors law, or, like, the gym."
17:20:02,G1P1,ideaGenerationOne,that dip…
17:20:05,G1P1,ideaGenerationOne,fixing that.
17:20:08,G1P1,ideaGenerationOne,Um…
17:20:15,G1P2,ideaGenerationOne,"I'm still in grad classes, having more grad classes during the day instead of at night."
17:20:20,G1P1,ideaGenerationOne,Yes.
17:20:22,G1P1,ideaGenerationOne,but also not too early in the day.
17:20:27,G1P1,ideaGenerationOne,Um…
17:20:31,G1P1,ideaGenerationOne,"The, uh, grad classes that, like, seem really interesting, but, like,"
17:20:37,G1P1,ideaGenerationOne,"having them actually available, like, there's some of the, like, psychology, like,"
17:20:44,G1P1,ideaGenerationOne,math-type-related ones.
17:20:45,G1P1,ideaGenerationOne,"That, for the past year,"
17:20:50,G1P1,ideaGenerationOne,"haven't been available, and…"
17:20:53,G1P1,ideaGenerationOne,making them available.
17:20:54,G1P1,ideaGenerationOne,"So, probably, uh…"
17:20:56,G1P1,ideaGenerationOne,more people will be able to teach that.
17:20:58,G1P1,ideaGenerationOne,Stop.
17:21:02,G1P1,ideaGenerationOne,Um…
17:21:06,G1P1,ideaGenerationOne,Also…
17:21:10,G1P1,ideaGenerationOne,announcements for…
17:21:11,G1P1,ideaGenerationOne,things that… better announcements.
17:21:16,G1P1,ideaGenerationOne,for…
17:21:17,G1P1,ideaGenerationOne,"just a variety of things, not, like, just…"
17:21:26,G1P1,ideaGenerationOne,Um…
17:21:29,G1P2,ideaGenerationOne,putting more exciting things to do.
17:21:31,G1P2,ideaGenerationOne,"more interactive, exciting things, like mini-concerts or something."
17:21:35,G1P2,ideaGenerationOne,That's not just nights and every once in a while.
17:21:38,G1P1,ideaGenerationOne,Yes.
17:21:42,G1P1,ideaGenerationOne,Um…
17:21:46,G1P1,ideaGenerationOne,making the biomedical…
17:21:49,G1P1,ideaGenerationOne,"Private program,"
17:21:51,G1P1,ideaGenerationOne,actually about pre-vet.
17:21:55,G1P1,ideaGenerationOne,"Um, so actual animal-related stuff."
17:22:00,G1P2,ideaGenerationOne,putting together a…
17:22:01,G1P1,ideaGenerationOne,Um…
17:22:03,G1P2,ideaGenerationOne,"like a student market where people can go and sell things, because there's art students and everything."
17:22:09,G1P1,ideaGenerationOne,"some type of, like… yeah, a program to sell stuff."
17:22:14,G1P1,ideaGenerationOne,just… with…
17:22:19,G1P1,ideaGenerationOne,Students! Oh.
17:22:22,G1P1,ideaGenerationOne,"Um… money to help, uh…"
17:22:27,G1P1,ideaGenerationOne,"to help, uh, psychology…"
17:22:31,G1P1,ideaGenerationOne,students who are on the thesis track be able to go to conferences?
17:22:37,G1P1,ideaGenerationOne,Because conferences are very helpful.
17:22:41,G1P1,ideaGenerationOne,a good experience?
17:22:44,G1P1,ideaGenerationOne,Um…
17:22:47,G1P1,ideaGenerationOne,So money helps students.
17:22:49,G1P1,ideaGenerationOne,be able to do that kind of stuff.
17:22:53,G1P1,ideaGenerationOne,Um…
17:22:56,G1P1,ideaGenerationOne,Also…
17:22:59,G1P1,ideaGenerationOne,Neuroscience classes available?
17:23:04,G1P1,ideaGenerationOne,some of that type of stuff available in grad.
17:23:09,G1P1,ideaGenerationOne,"level. Some of those classes, grad level."
17:23:12,G1P1,ideaGenerationOne,Um…
17:23:14,G1P2,ideaGenerationOne,"more special topics, interesting special topics for grad level, yes."
17:23:17,G1P1,ideaGenerationOne,Yes.
17:23:20,G1P1,ideaGenerationOne,"Also, making those special… like, making"
17:23:24,G1P1,ideaGenerationOne,Topics?
17:23:29,G1P1,ideaGenerationOne,"known to students. Also, just the scheduling."
17:23:34,G1P1,ideaGenerationOne,"For, um…"
17:23:36,G1P1,ideaGenerationOne,"For classes for grad students,"
17:23:39,G1P1,ideaGenerationOne,Making it known to students what is going on there.
17:23:45,G1P1,ideaGenerationOne,"Um, like, if something is every other year,"
17:23:49,G1P1,ideaGenerationOne,let students know that.
17:23:52,G1P1,ideaGenerationOne,Um…
17:23:57,G1P2,ideaGenerationOne,"It's a relaxing area, like Cat Cafe or the Goat Cafes? That'll be interesting."
17:24:01,G1P1,ideaGenerationOne,"Yeah, that'd be fun."
17:24:03,G1P2,ideaGenerationOne,I'll go there all the time.
17:24:04,G1P1,ideaGenerationOne,Um…
17:24:07,G1P1,ideaGenerationOne,"Um, also…"
17:24:11,G1P1,ideaGenerationOne,There's something I was thinking…
17:24:18,G1P1,ideaGenerationOne,I was thinking something.
17:24:35,G1P1,ideaGenerationOne,"Oh, um…"
17:24:36,G1P1,ideaGenerationOne,"If the, uh…"
17:24:39,G1P1,ideaGenerationOne,"One, I don't know if this is a thing. If it's not, it needs to be a thing."
17:24:44,G1P1,ideaGenerationOne,"Uh, and available to students."
17:24:49,G1P1,ideaGenerationOne,Hunting laminated stuff?
17:24:52,G1P1,ideaGenerationOne,"If it's for a class,"
17:24:55,G1P1,ideaGenerationOne,making it so they can print that laminated
17:24:59,G1P1,ideaGenerationOne,thing on campus.
17:25:02,G1P1,ideaGenerationOne,somewhere.
17:25:04,G1P1,ideaGenerationOne,I don't know if that's a thing?
17:25:08,G1P1,ideaGenerationOne,"Well, printing special type"
17:25:11,G1P1,ideaGenerationOne,stuff should be available.
17:25:14,G1P1,ideaGenerationOne,"Um… there can be a lot of printing-related things, or, like, tools."
17:25:24,G1P1,ideaGenerationOne,"Like, imagine 3D printing, having that available somewhere on campus."
17:25:32,G1P1,ideaGenerationOne,"like, I mean, pay, obviously, but like…"
17:25:38,G1P1,ideaGenerationOne,Um…
17:25:41,G1P1,ideaGenerationOne,"Oh, yeah. Uh, if…"
17:25:45,G1P1,ideaGenerationOne,Um…
17:25:49,G1P1,ideaGenerationOne,Though…
17:25:50,G1P1,ideaGenerationOne,"If a class is on campus,"
17:25:53,G1P1,ideaGenerationOne,making that known.
17:25:56,G1P1,ideaGenerationOne,"Because it's, like…"
17:25:58,G1P1,ideaGenerationOne,And if the schedule…
17:26:01,G1P1,ideaGenerationOne,"like, making that known on the concise student schedule."
17:26:05,G1P1,ideaGenerationOne,And they'd actually be right.
17:26:08,G1P1,ideaGenerationOne,Um…
17:26:26,Experimenter 0,break,"Okay, if you could go ahead and stop generating ideas."
17:26:30,Experimenter 0,break,"Uh, we're going to move into the next session now. In this session,"
17:26:34,Experimenter 0,break,"Uh, you will once again brainstorm ideas for the same problem following Osborne's rules. However, this time,"
17:26:40,Experimenter 0,break,You will receive examples that will help you generate more ideas on the same problem.
17:26:44,Experimenter 0,break,"As you brainstormed, you may have noticed that ideas came quickly at first, and then began to slow down over time."
17:26:50,Experimenter 0,break,"Uh, this is a common pattern in brainstorming. To help you generate more ideas in this session, we will generate examples using an AI tool."
17:26:58,Experimenter 0,break,"I'm going to select participant 2,"
17:27:01,Experimenter 0,break,"To assist with this. Uh, Participant 2,"
17:27:04,Experimenter 0,break,"Uh, please share your screen with the group."
17:27:06,Experimenter 0,break,And I've got to make sure you can do that.
17:27:09,Experimenter 0,break,should be able to…
17:27:14,Experimenter 0,break,Are you able to share your screen?
17:27:19,G1P2,break,I'm sending a request.
17:27:19,Experimenter 0,break,"Okay, perfect. Alright."
17:27:41,Experimenter 0,break,"Perfect, okay. And if you could go ahead, and I see that you have a web browser open, which is what I was going to ask you next."
17:27:47,Experimenter 0,break,"Um, would you be willing to use CTRL to press Ctrl-Shift-N at the same time on your keyboard?"
17:27:55,G1P2,break,Ctrl-Shift-N.
17:27:56,Experimenter 0,break,Yes.
17:28:00,Experimenter 0,break,Perfect. And so…
17:28:04,Experimenter 0,break,What I'm gonna do is I have a link for you to go to.
17:28:08,Experimenter 0,break,"If you could please, uh, copy and paste that link."
17:28:08,G1P2,break,Okay.
17:28:11,Experimenter 0,break,"Uh, into the top of the search bar."
17:28:20,G1P2,break,Boom!
17:28:37,G1P2,break,In the search bar?
17:28:37,Experimenter 0,break,Yes.
17:28:40,Experimenter 0,break,Perfect. Okay.
17:28:44,Experimenter 0,break,"Um… now that you have that, I'm going to also share with you"
17:28:50,Experimenter 0,break,prompt…
17:28:52,Experimenter 0,break,to give to the AI tool.
17:28:56,Experimenter 0,break,"Here's that prompt. If you could go ahead and copy and paste that, uh, from the…"
17:29:01,Experimenter 0,break,"chat into the, uh,"
17:29:03,Experimenter 0,break,bar that's titled Ask Anything.
17:29:15,Experimenter 0,break,Perfect.
17:29:17,Experimenter 0,break,"Awesome. And then, if you scroll down,"
17:29:20,Experimenter 0,break,I believe that there is a button that has two squares.
17:29:23,Experimenter 0,break,And that should copy the contents.
17:29:26,Experimenter 0,break,And then if you could paste those contents into the Zoom chat.
17:29:42,Experimenter 0,break,"Perfect, okay, and you can go ahead and stop sharing your screen."
17:29:52,Experimenter 0,break,"I believe the same way that you shared it, there should be, uh… it should be replaced with the stop button now."
17:30:06,G1P2,break,Where?
17:30:07,Experimenter 0,break,Um…
17:30:11,Experimenter 0,break,"It should be right where you had placed, uh, on the bar. Perfect. Excellent."
17:30:13,G1P2,break,"Oh, there it is."
17:30:15,Experimenter 0,break,"Okay, and so… let me see where I am here…"
17:30:17,G1P2,break,Okay.
17:30:27,Experimenter 0,break,"Okay, um, you both can see… now see the ideas that were generated, uh…"
17:30:33,Experimenter 0,break,"from the AI, yes?"
17:30:35,Experimenter 0,break,"Okay, um, so once again…"
17:30:39,Experimenter 0,break,"that probably will be working on today is called the University Problem. Basically, we would like you to generate ideas or ways to improve your university."
17:30:45,Experimenter 0,break,Any suggestions you have about how to make the university better are appropriate. You have 10 minutes to verbally brainstorm on this.
17:30:51,Experimenter 0,break,"Uh, even if you are done before the 10 minutes,"
17:30:54,Experimenter 0,break,"keep trying to generate ideas, I will return when the 10 minutes are up."
17:31:00,Experimenter 0,break,Your…
17:31:04,Experimenter 0,ideaGenerationTwo,your 10-minute timer starts now.
17:31:09,G1P1,ideaGenerationTwo,"Okay, um…"
17:31:13,G1P1,ideaGenerationTwo,"So, starting with number 1."
17:31:18,G1P1,ideaGenerationTwo,That's already available.
17:31:21,G1P1,ideaGenerationTwo,That's how it works.
17:31:25,G1P1,ideaGenerationTwo,"Um, as long as…"
17:31:26,G1P2,ideaGenerationTwo,"Well, having…"
17:31:27,G1P1,ideaGenerationTwo,Sorry.
17:31:27,G1P2,ideaGenerationTwo,"Especially for the higher classes, having more availability."
17:31:33,G1P1,ideaGenerationTwo,Yeah.
17:31:34,G1P2,ideaGenerationTwo,"Instead of having them so close together or overlapping, so you can only take one option instead of two or whatnot."
17:31:41,G1P1,ideaGenerationTwo,Yeah.
17:31:43,G1P2,ideaGenerationTwo,Um…
17:31:47,G1P1,ideaGenerationTwo,"more options, more opportunities."
17:31:49,G1P2,ideaGenerationTwo,Mm-hmm.
17:31:52,G1P2,ideaGenerationTwo,Having a…
17:31:54,G1P2,ideaGenerationTwo,"having an app or a website that we can do tutoring one-on-one with, that would be awesome."
17:32:00,G1P1,ideaGenerationTwo,"Yeah. Being able to, like,"
17:32:01,G1P2,ideaGenerationTwo,Instead of having finance groups.
17:32:03,G1P1,ideaGenerationTwo,Sorry. Being able to actually reach
17:32:07,G1P1,ideaGenerationTwo,people easier?
17:32:09,G1P2,ideaGenerationTwo,Mm-hmm.
17:32:11,G1P1,ideaGenerationTwo,Um…
17:32:15,G1P2,ideaGenerationTwo,"And having the accessibility, if it's online, for people that are commuters and stuff, instead of having to come up to"
17:32:21,G1P2,ideaGenerationTwo,or come up to Stevenville or Tarleton.
17:32:24,G1P1,ideaGenerationTwo,Mm-hmm.
17:32:24,G1P2,ideaGenerationTwo,"to do so. Um, oh!"
17:32:32,G1P1,ideaGenerationTwo,Um…
17:32:33,G1P2,ideaGenerationTwo,I think we need a more interactive mobile app.
17:32:36,G1P2,ideaGenerationTwo,Maybe that could be where…
17:32:36,G1P1,ideaGenerationTwo,I agree.
17:32:38,G1P2,ideaGenerationTwo,"You can see where available parking spots are, so that I could sensor whenever you go in and out for everywhere."
17:32:44,G1P2,ideaGenerationTwo,"And they'll tell you… and it has a limit on them, and it tells you who goes in and out, so you know if there's availability."
17:32:52,G1P1,ideaGenerationTwo,that… definitely a more…
17:32:55,G1P1,ideaGenerationTwo,"interactive, and like…"
17:32:57,G1P2,ideaGenerationTwo,Yes.
17:32:58,G1P1,ideaGenerationTwo,"Unless they're with, like, food options."
17:33:02,G1P1,ideaGenerationTwo,"estimate for, like, how long something might be."
17:33:06,G1P1,ideaGenerationTwo,to take. So it's like…
17:33:09,G1P1,ideaGenerationTwo,"Hey, if this is a busy time, it's gonna be a while."
17:33:13,G1P2,ideaGenerationTwo,"Or being able to request the transportation that you mentioned earlier on the app, be like, hey, I'm all the way at the football field, I need to go here."
17:33:13,G1P1,ideaGenerationTwo,Um…
17:33:22,G1P1,ideaGenerationTwo,Yes.
17:33:25,G1P1,ideaGenerationTwo,Um…
17:33:26,G1P1,ideaGenerationTwo,"Basically, app for everything."
17:33:29,G1P1,ideaGenerationTwo,Um…
17:33:30,G1P2,ideaGenerationTwo,"transportation to get to other food establishments, like people that live on campus that don't have vehicles, or don't want to leave because if they leave, they don't have parking."
17:33:37,G1P2,ideaGenerationTwo,"They can be like, oh, I want to request a ride to this food place."
17:33:42,G1P1,ideaGenerationTwo,Yes.
17:33:44,G1P2,ideaGenerationTwo,"And it's just for students, not for everyone else in Steamville."
17:33:47,G1P1,ideaGenerationTwo,"Yeah,"
17:33:50,G1P1,ideaGenerationTwo,Um…
17:33:52,G1P1,ideaGenerationTwo,"Sustainability Challenge Program, where students can participate."
17:33:57,G1P1,ideaGenerationTwo,That sounds like… so…
17:34:00,G1P1,ideaGenerationTwo,Um…
17:34:02,G1P1,ideaGenerationTwo,"So, just reading it out loud, introduce a sustainability challenge program where students can participate in eco-friendly initiatives and earn rewards."
17:34:13,G1P1,ideaGenerationTwo,"I feel like that would be really fun, and just, like,"
17:34:17,G1P1,ideaGenerationTwo,"There can be different types of things. So, it's like…"
17:34:22,G1P1,ideaGenerationTwo,"if someone's not good at one thing, they can't, like, there's a different thing that they might be. Or, like,"
17:34:29,G1P1,ideaGenerationTwo,if there's something…
17:34:31,G1P1,ideaGenerationTwo,So there's different things where people will actually be interested.
17:34:38,G1P1,ideaGenerationTwo,"And, um…"
17:34:40,G1P1,ideaGenerationTwo,"And that can also help the, like, community."
17:34:42,G1P2,ideaGenerationTwo,"Yeah, but also getting rewards. People are reward-motivated, especially with food."
17:34:48,G1P2,ideaGenerationTwo,why I'm food-motivated.
17:34:51,G1P2,ideaGenerationTwo,"So, earnings for food, please?"
17:34:52,G1P1,ideaGenerationTwo,"Or it's like, you can, like, maybe if it's, like,"
17:34:55,G1P1,ideaGenerationTwo,"So it can be food, but it can also be, like, text inbox."
17:34:59,G1P2,ideaGenerationTwo,Mm-hmm.
17:35:00,G1P1,ideaGenerationTwo,"you earn some of that, and then some bucks can be used all over campus."
17:35:04,G1P2,ideaGenerationTwo,Yep.
17:35:05,G1P1,ideaGenerationTwo,I believe. Um…
17:35:07,G1P1,ideaGenerationTwo,virtual mentor… mentorship program connecting students with alumni for career guidance and networking.
17:35:13,G1P2,ideaGenerationTwo,That would be awesome for… especially for the master's level psychology.
17:35:19,G1P1,ideaGenerationTwo,Yes. Um…
17:35:21,G1P2,ideaGenerationTwo,"Even undergrad, too, because a lot of undergrad"
17:35:25,G1P2,ideaGenerationTwo,need to have the mentorship so they know what to do.
17:35:28,G1P2,ideaGenerationTwo,especially with the specialization stuff.
17:35:31,G1P1,ideaGenerationTwo,"I think just some kind of, like…"
17:35:35,G1P1,ideaGenerationTwo,Communication system where it's like…
17:35:38,G1P1,ideaGenerationTwo,you're able to…
17:35:41,G1P1,ideaGenerationTwo,find people.
17:35:43,G1P1,ideaGenerationTwo,And… that…
17:35:46,G1P1,ideaGenerationTwo,"might be able to give you advice, or, um…"
17:35:51,G1P1,ideaGenerationTwo,Or it just might be…
17:35:54,G1P1,ideaGenerationTwo,able to talk through situations.
17:35:56,G1P2,ideaGenerationTwo,you lost what… I lost you.
17:35:57,G1P2,ideaGenerationTwo,Can't hear you.
17:35:58,G1P1,ideaGenerationTwo,"Oh, can you hear me now?"
17:36:02,G1P1,ideaGenerationTwo,Or is it just…
17:36:06,G1P2,ideaGenerationTwo,I can't hear you!
17:36:07,G1P1,ideaGenerationTwo,"Hello, hello, hello."
17:36:11,G1P1,ideaGenerationTwo,Hello?
17:36:11,G1P2,ideaGenerationTwo,I can hear you now.
17:36:13,G1P2,ideaGenerationTwo,"Yeah, I can hear you."
17:36:17,G1P1,ideaGenerationTwo,Can you hear me now.
17:36:18,G1P2,ideaGenerationTwo,Yeah.
17:36:18,G1P1,ideaGenerationTwo,"Okay, I don't know what. Um…"
17:36:24,G1P1,ideaGenerationTwo,"I was basically just continuing with the… just some type of, like, communication system."
17:36:30,G1P1,ideaGenerationTwo,"to be able to, like, talk through things where people might… but, like,"
17:36:31,G1P2,ideaGenerationTwo,Mm-hmm.
17:36:38,G1P1,ideaGenerationTwo,"In an interesting, not forced…"
17:36:40,G1P1,ideaGenerationTwo,"type of way. Or is, like…"
17:36:41,G1P2,ideaGenerationTwo,Yeah.
17:36:43,G1P1,ideaGenerationTwo,enjoyable.
17:36:45,G1P2,ideaGenerationTwo,Mm-hmm.
17:36:45,G1P1,ideaGenerationTwo,but also helpful.
17:36:48,G1P2,ideaGenerationTwo,Yeah.
17:36:50,G1P2,ideaGenerationTwo,"Well, also, if there's, like, a list, like, an app or a website where there's a list of alumni that's, like,"
17:36:57,G1P2,ideaGenerationTwo,"in whatever department you are, and then they're like, oh, these are the jobs that there is, so if you have an interest,"
17:37:02,G1P2,ideaGenerationTwo,"And something that you could talk to them, and then…"
17:37:04,G1P2,ideaGenerationTwo,"get the inside scoop on that before you make the decision, or to further your special…"
17:37:10,G1P2,ideaGenerationTwo,"specialization in that, or…"
17:37:11,G1P2,ideaGenerationTwo,"or pursue that in the future, be like, if this isn't for me,"
17:37:15,G1P2,ideaGenerationTwo,"That would be awesome to have that kind of stuff, because right now, you'd have to, like,"
17:37:19,G1P2,ideaGenerationTwo,"go out and go to these places, and not everybody's receptive of those kind of questions."
17:37:24,G1P1,ideaGenerationTwo,Yep.
17:37:26,G1P1,ideaGenerationTwo,Um…
17:37:44,G1P2,ideaGenerationTwo,We need better…
17:37:47,G1P2,ideaGenerationTwo,"like, mobile app to also…"
17:37:49,G1P2,ideaGenerationTwo,"going back to the mobile app on number 3, I feel like if they were to make a mobile app that actually had an… the announcements you said we need better announcements,"
17:37:57,G1P2,ideaGenerationTwo,"and programs and activities,"
17:37:59,G1P2,ideaGenerationTwo,"And, like, if they're gonna do get-togethers like that, I think they need to have it all in one place, instead of being like, oh, follow this on Instagram, this on Instagram, this on Instagram, or this on Facebook."
17:38:07,G1P2,ideaGenerationTwo,"And it's, like, all in one place, because, I mean, you can go to…"
17:38:11,G1P2,ideaGenerationTwo,"Tarleton State University, but…"
17:38:13,G1P2,ideaGenerationTwo,"they have to go through, like, all these different steps to get to the calendar, and then sometimes it's…"
17:38:17,G1P2,ideaGenerationTwo,"not always on there, because it's, like, pop-up kind of thing."
17:38:22,G1P1,ideaGenerationTwo,"And then, also just a variety of stuff."
17:38:26,G1P1,ideaGenerationTwo,"So, like, it's not just sports-type things."
17:38:26,G1P2,ideaGenerationTwo,Mm-hmm.
17:38:30,G1P2,ideaGenerationTwo,"Yes, yes."
17:38:31,G1P1,ideaGenerationTwo,"So, like…"
17:38:35,G1P1,ideaGenerationTwo,along… because…
17:38:37,G1P1,ideaGenerationTwo,if they're… yeah.
17:38:41,G1P1,ideaGenerationTwo,Um…
17:38:51,G1P1,ideaGenerationTwo,"I feel like more activities just for, like, gradu- like, grad students."
17:38:56,G1P2,ideaGenerationTwo,Mm-hmm.
17:38:58,G1P1,ideaGenerationTwo,Because I feel…
17:39:02,G1P2,ideaGenerationTwo,A lot of stuff happens while we're in class.
17:39:04,G1P2,ideaGenerationTwo,"Or it happens, and it's, like, advertised… well, not really advertised, but announced for… to the undergrad, or that is to the grad students."
17:39:11,G1P1,ideaGenerationTwo,Mm-hmm.
17:39:12,G1P2,ideaGenerationTwo,"towards leaning more towards them, like, oh, interact with…"
17:39:15,G1P2,ideaGenerationTwo,"other people, it's like, but I want to interact with"
17:39:18,G1P2,ideaGenerationTwo,"grad students. Outside of class, though."
17:39:20,G1P1,ideaGenerationTwo,Yeah.
17:39:23,G1P1,ideaGenerationTwo,Um…
17:39:29,G1P2,ideaGenerationTwo,"On a fun plane. Like, fun stuff, not…"
17:39:32,G1P2,ideaGenerationTwo,group projects and stuff.
17:39:34,G1P2,ideaGenerationTwo,That's the only interaction I do outside of class with other grad students.
17:40:00,G1P2,ideaGenerationTwo,"This might not be Tarleton-related, but this might be Stephenville-related, but having something that we can do."
17:40:05,G1P2,ideaGenerationTwo,besides drink or go shopping.
17:40:08,G1P2,ideaGenerationTwo,consumable.
17:40:11,G1P2,ideaGenerationTwo,"like an arcade or something, something for everyone to go out and do."
17:40:16,G1P1,ideaGenerationTwo,And opportunities that don't cost.
17:40:19,G1P2,ideaGenerationTwo,"Oh, yeah."
17:40:19,G1P1,ideaGenerationTwo,Too much.
17:40:35,G1P1,ideaGenerationTwo,"I think on the app, they should also make it so, um…"
17:40:40,G1P1,ideaGenerationTwo,changes on campus.
17:40:43,G1P1,ideaGenerationTwo,aren't announced.
17:40:45,G1P2,ideaGenerationTwo,Mm-hmm.
17:40:46,G1P1,ideaGenerationTwo,explained.
17:40:49,G1P2,ideaGenerationTwo,Yeah.
17:41:06,Experimenter 0,break,"Okay, um, your time is up."
17:41:08,Experimenter 0,break,"Please stop generating ideas. Um, so we have completed the generation portion of the experiment."
17:41:16,Experimenter 0,break,"Um, and we're going to move into the idea selection, uh,"
17:41:20,Experimenter 0,break,"portion of the experiment. So, during this session, you will work together as a group to reach a consensus"
17:41:26,Experimenter 0,break,and select the top 5 best ideas from the total pool of ideas you generated.
17:41:32,Experimenter 0,break,"across, uh, across…"
17:41:36,Experimenter 0,break,"Uh, both sessions."
17:41:40,Experimenter 0,break,"Sorry, I made an issue or something."
17:41:45,Experimenter 0,break,"Uh, to improve your… to… to improve the university."
17:41:48,Experimenter 0,break,"Uh, by best ideas, I mean ideas that are both feasible and original."
17:41:52,Experimenter 0,break,"Uh, once you've agreed on your top 5, please rank them in order from 1 to 5, where 1 is your best idea, and 5"
17:41:59,Experimenter 0,break,is the fifth best idea.
17:42:09,Experimenter 0,break,Let me share my screen…
17:42:16,Experimenter 0,break,Okay.
17:42:21,Experimenter 0,break,"This is not great because it didn't have a setup ahead of time, but…"
17:42:25,Experimenter 0,break,"Uh, I'm going to provide you definitions, uh, for"
17:42:29,Experimenter 0,break,feasibility and originality.
17:42:32,Experimenter 0,break,"Um, to help you make your selection, please evaluate ideas based on these definitions."
17:42:37,Experimenter 0,break,"So, feasibility is defined as the extent to which an idea was relatively easy or feasible to adopt."
17:42:43,Experimenter 0,break,It may or may not be a good idea. The point is to capture the degree to which
17:42:47,Experimenter 0,break,the idea is one that could be
17:42:50,Experimenter 0,break,could actually be done without a lot of effort or cost.
17:42:54,Experimenter 0,break,"And then originality refers to the degree to which an idea is unique,"
17:43:00,Experimenter 0,break,or unlikely to be mentioned by others. It may or may not be a good idea. The point is to capture the degree to which the idea is one that few individuals would be likely to generate.
17:43:12,Experimenter 0,break,Still sharing my screen.
17:43:14,Experimenter 0,break,"Okay. And so, once you are ready with your top 5 ideas, please type your final ranked list of 5 ideas into the Zoom chat,"
17:43:21,Experimenter 0,break,"Once you have decided. Uh, you will have 10 minutes to complete this task."
17:43:25,Experimenter 0,break,"take the time to review the ideas based on the criteria given, find your top ideas on group consensus."
17:43:33,Experimenter 0,break,"And, yes."
17:43:34,G1P1,break,"Uh, do we…"
17:43:37,G1P1,break,"Is this from memory, what we said?"
17:43:40,Experimenter 0,break,"So, it is not entirely for memory. I will be providing you the transcript for, uh, all of the ideas."
17:43:44,G1P1,break,Okay.
17:43:46,Experimenter 0,break,generate data.
17:43:47,G1P1,break,Great.
17:43:48,Experimenter 0,break,Yes.
17:43:50,G1P1,break,"And then, so we…"
17:43:52,G1P1,break,"do we talk about what we think is more feasible, more original, and then choose the top 5?"
17:44:00,Experimenter 0,break,"Uh, so yes, using that criteria, decide what ideas that you think are the best, and rank order them 1 to 5, 1 being your best idea, and 5 being your 5th best idea."
17:44:02,G1P1,break,Okay.
17:44:12,G1P1,break,Gotcha.
17:44:16,Experimenter 0,break,Okay. And…
17:44:27,Experimenter 0,break,"Kingdom of one, I think…"
17:44:42,Experimenter 0,break,Okay.
17:44:44,Experimenter 0,break,"And now I have saved the transcript, so you have access to those other ideas."
17:44:48,Experimenter 0,break,"Again, you might have 10 minutes to do this."
17:44:52,Experimenter 0,ideaSelection,"Um, and your time starts now."
17:44:58,G1P1,ideaSelection,Okay…
17:45:04,G1P1,ideaSelection,Um…
17:45:10,G1P2,ideaSelection,"I think out of everything we talked about, the most exciting we got"
17:45:14,G1P2,ideaSelection,was about the app.
17:45:17,G1P1,ideaSelection,Yes. Um…
17:45:22,G1P1,ideaSelection,Is this about all of our ideas?
17:45:26,G1P2,ideaSelection,I think we're supposed to pick the…
17:45:29,G1P2,ideaSelection,top 5?
17:45:30,Experimenter 0,ideaSelection,"Yeah, so you can look at all of your ideas, but yes, you're gonna pick your top 5."
17:45:31,G1P2,ideaSelection,And I report those.
17:45:36,G1P1,ideaSelection,"Oh, everything."
17:45:37,G1P1,ideaSelection,Cool. Um…
17:45:40,G1P1,ideaSelection,I…
17:45:42,G1P1,ideaSelection,Agree. I think our…
17:45:46,G1P1,ideaSelection,I think the one…
17:45:49,G1P1,ideaSelection,That…
17:45:51,G1P1,ideaSelection,I'm just not sure how…
17:45:54,G1P1,ideaSelection,"original, it technically is, because…"
17:45:56,G1P1,ideaSelection,it's…
17:45:57,G1P2,ideaSelection,"Well, we don't have it yet."
17:46:00,G1P1,ideaSelection,We have… we have an app.
17:46:05,G1P1,ideaSelection,And it's updated.
17:46:09,G1P1,ideaSelection,"Um, so…"
17:46:10,G1P1,ideaSelection,I think it's pretty feasible.
17:46:14,G1P1,ideaSelection,Because…
17:46:14,G1P2,ideaSelection,"This original, yeah."
17:46:18,G1P1,ideaSelection,"Um, I think some of the aspects can be, like, our original for the app."
17:46:19,G1P2,ideaSelection,Because I don't…
17:46:24,G1P2,ideaSelection,"like, the parking, but the only problem is, is that feasible?"
17:46:25,G1P1,ideaSelection,Um…
17:46:30,G1P1,ideaSelection,"I think, to an extent it is."
17:46:34,G1P1,ideaSelection,like…
17:46:37,G1P1,ideaSelection,"I mean, I can, like…"
17:46:39,G1P1,ideaSelection,I think it can be feasible.
17:46:42,G1P1,ideaSelection,"I can think of, like, different parking types places, situations, the way it works."
17:46:49,G1P1,ideaSelection,Um…
17:46:51,G1P1,ideaSelection,"And, like, for timing, uh, like,"
17:46:55,G1P1,ideaSelection,food places or something.
17:46:59,G1P1,ideaSelection,waiting line estimates are a thing.
17:47:04,G1P1,ideaSelection,"So, it's like, I think it could be pretty feasible."
17:47:11,G1P1,ideaSelection,Um…
17:47:14,G1P2,ideaSelection,"But would that be on the top 5, and what number would it be?"
17:47:17,G1P2,ideaSelection,Do you think?
17:47:19,G1P1,ideaSelection,I think… I think the app as a whole would be top 5.
17:47:20,G1P2,ideaSelection,Because…
17:47:24,G1P1,ideaSelection,I'm not sure if they're the different aspects are…
17:47:29,G1P1,ideaSelection,"like, considered different."
17:47:34,G1P1,ideaSelection,Um…
17:47:37,G1P1,ideaSelection,But I'm in concerning the AI…
17:47:40,G1P1,ideaSelection,recommendation. It…
17:47:44,G1P1,ideaSelection,says it as a…
17:47:45,G1P2,ideaSelection,Because I honestly…
17:47:47,G1P1,ideaSelection,Um…
17:47:53,G1P1,ideaSelection,It says that as its own thing. Um…
17:47:59,G1P1,ideaSelection,Um…
17:48:11,G1P1,ideaSelection,I think transportation…
17:48:15,G1P1,ideaSelection,"As always, a great recommendation."
17:48:20,G1P1,ideaSelection,to upgrade anything.
17:48:23,G1P1,ideaSelection,Um…
17:48:25,G1P1,ideaSelection,So…
17:48:28,G1P1,ideaSelection,It's not really original.
17:48:35,G1P2,ideaSelection,But having it only for the students.
17:48:39,G1P1,ideaSelection,Yeah.
17:48:40,G1P2,ideaSelection,to go to and from places like Walmart or the…
17:48:44,G1P2,ideaSelection,"other restaurants and stuff, where you could, like, hire…"
17:48:45,G1P1,ideaSelection,"But there can also be just, like, across campus, just like…"
17:48:52,G1P1,ideaSelection,"I don't know, like…"
17:49:05,G1P1,ideaSelection,"Oh, I really like the, uh…"
17:49:08,G1P1,ideaSelection,challenge program.
17:49:10,G1P1,ideaSelection,to earn rewards.
17:49:12,G1P2,ideaSelection,Mm-hmm.
17:49:14,G1P1,ideaSelection,Um…
17:49:20,G1P1,ideaSelection,I think… I think it was pretty original on the AI's part.
17:49:25,G1P1,ideaSelection,it's not something I…
17:49:28,G1P1,ideaSelection,would have thought of?
17:49:31,G1P1,ideaSelection,Um…
17:49:33,G1P1,ideaSelection,And I think it's beneficial in a lot of ways.
17:49:36,G1P1,ideaSelection,I think it's feasible.
17:49:40,G1P2,ideaSelection,Yeah.
17:49:43,G1P2,ideaSelection,"Sorry, I'm typing, because I forgot we were supposed to type this in the chat."
17:49:45,G1P1,ideaSelection,Not… on.
17:49:48,G1P1,ideaSelection,"Oh, no, you're good."
17:49:55,G1P2,ideaSelection,"Whoopsies! Alright, post that one."
17:49:58,G1P1,ideaSelection,"Uh, if you…"
17:49:59,G1P2,ideaSelection,Does that sound… look good?
17:50:05,G1P1,ideaSelection,Yes. Um…
17:50:06,G1P2,ideaSelection,I did not mean to send it out yet. I've got Inter sends it.
17:50:11,G1P1,ideaSelection,"By the way, if you click the T…"
17:50:15,G1P1,ideaSelection,"And underneath that, the bottom of the chat, like,"
17:50:19,G1P1,ideaSelection,"text thing as format, and it changes the format, so then you can do it as, like, a list."
17:50:26,G1P1,ideaSelection,I just learned that.
17:50:28,G1P2,ideaSelection,Do format as in one?
17:50:30,G1P2,ideaSelection,The T? I'm looking for.
17:50:31,G1P1,ideaSelection,Yeah.
17:50:33,G1P1,ideaSelection,at the bottom of the chat thing.
17:50:36,G1P1,ideaSelection,Where you type the…
17:50:39,G1P1,ideaSelection,texts that it's for me.
17:50:40,G1P2,ideaSelection,"Um, okay…"
17:50:41,G1P1,ideaSelection,It's right next to emoji.
17:50:47,G1P2,ideaSelection,I'm just gonna delete this one and have it all on the same thing.
17:50:54,G1P1,ideaSelection,Okay.
17:50:56,G1P1,ideaSelection,"So, I don't know if the app"
17:50:59,G1P1,ideaSelection,should… it is…
17:51:01,G1P1,ideaSelection,"all-encompassing, because a lot of the…"
17:51:04,G1P1,ideaSelection,"like, ideas can be…"
17:51:07,G1P1,ideaSelection,put…
17:51:11,G1P1,ideaSelection,with the app.
17:51:14,G1P2,ideaSelection,Mm-hmm.
17:51:14,G1P1,ideaSelection,like…
17:51:25,G1P2,ideaSelection,Are you reading the notes that we talked about?
17:51:28,G1P1,ideaSelection,"Yeah, I'm somewhat going through that."
17:51:31,G1P2,ideaSelection,Okay.
17:51:32,G1P1,ideaSelection,like…
17:51:35,G1P2,ideaSelection,"If we're doing, like…"
17:51:39,G1P2,ideaSelection,"I think doing some sort of, like, market for the student, student market would be"
17:51:46,G1P1,ideaSelection,Yes.
17:51:48,G1P2,ideaSelection,A good idea. But…
17:51:49,G1P2,ideaSelection,"Do you think they'll be the top 5, though?"
17:51:52,G1P2,ideaSelection,This feasible?
17:51:58,G1P1,ideaSelection,I… I think it should be.
17:52:02,G1P1,ideaSelection,Because I think it encompasses a lot of the things that…
17:52:08,G1P2,ideaSelection,Hmm.
17:52:09,G1P1,ideaSelection,"are… like, it encompasses, like,"
17:52:11,G1P1,ideaSelection,"It's an activity type thing, where, like,"
17:52:14,G1P1,ideaSelection,"People are gonna get together, it can be, like…"
17:52:18,G1P1,ideaSelection,"you can, like, hang out with people."
17:52:21,G1P2,ideaSelection,Mm-hmm.
17:52:22,G1P1,ideaSelection,Um…
17:52:24,G1P1,ideaSelection,"you… like, it…"
17:52:27,G1P1,ideaSelection,"you're able, you know, just…"
17:52:30,G1P1,ideaSelection,"do a yard sale, just…"
17:52:33,G1P1,ideaSelection,in a different sort of way.
17:52:36,G1P2,ideaSelection,Yeah.
17:52:36,G1P1,ideaSelection,"Uh, so it's a very helpful…"
17:52:40,G1P1,ideaSelection,Um…
17:52:42,G1P1,ideaSelection,"But in the, like…"
17:52:44,G1P1,ideaSelection,"then you can also have, like,"
17:52:46,G1P1,ideaSelection,"Some entertainment with it, since it's, like,"
17:52:50,G1P2,ideaSelection,Mm-hmm.
17:52:51,G1P1,ideaSelection,a market.
17:52:52,G1P1,ideaSelection,"So I think it includes a lot of the other, like…"
17:52:57,G1P1,ideaSelection,aspects that…
17:53:00,G1P1,ideaSelection,we mentioned.
17:53:01,Experimenter 0,ideaSelection,"Hello, I just wanted to give you all a heads up. You have 2 minutes left."
17:53:02,G1P2,ideaSelection,Yeah.
17:53:05,G1P1,ideaSelection,Okay.
17:53:05,Experimenter 0,ideaSelection,"Uh, remember, you do have to type them into the Zoom chat, Marine Corps, number one being best idea."
17:53:05,G1P2,ideaSelection,Dude!
17:53:09,G1P1,ideaSelection,Okay.
17:53:11,Experimenter 0,ideaSelection,"5 being fitness, I mean, just a heads up."
17:53:14,G1P2,ideaSelection,"Okay. So, what number do you want to put that one on?"
17:53:19,G1P1,ideaSelection,Uh…
17:53:21,G1P2,ideaSelection,"So far, I only have one, the app. Two?"
17:53:23,G1P1,ideaSelection,two… two… three…
17:53:24,G1P1,ideaSelection,Two or three. I'd say the sustain… the challenge program…
17:53:25,G1P2,ideaSelection,3? Out front!
17:53:30,G1P1,ideaSelection,should be…
17:53:32,G1P2,ideaSelection,Two? Okay.
17:53:33,G1P1,ideaSelection,two or three. Um…
17:53:34,G1P2,ideaSelection,I'll put the same mark as 3.
17:53:38,G1P1,ideaSelection,Um…
17:53:48,G1P2,ideaSelection,"Um, and then you said 2 was what again? Sorry, go ahead."
17:53:49,G1P1,ideaSelection,Better…
17:53:52,G1P1,ideaSelection,"Uh, printing, um…"
17:53:55,G1P2,ideaSelection,"Number two, what you said?"
17:53:55,G1P1,ideaSelection,"like,"
17:53:56,G1P1,ideaSelection,"Oh, uh, the challenge program?"
17:54:02,G1P1,ideaSelection,"Uh, where you can earn rewards."
17:54:05,G1P1,ideaSelection,"I'd say whichever one the market isn't,"
17:54:10,G1P1,ideaSelection,"So, whichever one you decide. I think the…"
17:54:15,G1P1,ideaSelection,"like, non-standard printing."
17:54:19,G1P1,ideaSelection,is… I think Gets feasible for a university campus.
17:54:23,G1P2,ideaSelection,"I think we already have some area, but I just don't know how…"
17:54:28,G1P2,ideaSelection,"how much it is, how big it is."
17:54:33,G1P2,ideaSelection,"So I think you do print, uh, print posters."
17:54:37,G1P1,ideaSelection,then I think…
17:54:37,G1P2,ideaSelection,"So we could do, for 3D printing, though,"
17:54:41,G1P1,ideaSelection,Pretty… but also laminated.
17:54:43,G1P1,ideaSelection,"for, like, regular size."
17:54:47,G1P1,ideaSelection,"like, just non-standard. So, like, we have one, but, like…"
17:54:54,G1P2,ideaSelection,"Yeah, I'm putting on Saturday printing."
17:54:54,G1P1,ideaSelection,If there's other.
17:54:57,G1P1,ideaSelection,"Um, uh…"
17:54:57,G1P2,ideaSelection,Does that work now? And then we have one more.
17:54:59,G1P1,ideaSelection,Yeah.
17:54:59,Experimenter 0,ideaSelection,"Okay. Uh, time is up. It sounds like y'all are still trying to get them together."
17:55:04,Experimenter 0,ideaSelection,"Um, do you have?"
17:55:05,G1P2,ideaSelection,We only have one more that we needed to do.
17:55:11,Experimenter 0,ideaSelection,Okay.
17:55:13,Experimenter 0,ideaSelection,go ahead and add that to the…
17:55:14,G1P1,ideaSelection,I forgot that this part was timed.
17:55:16,Experimenter 0,ideaSelection,"Yeah, and that's okay. We've run into it in the past."
17:55:21,Experimenter 0,ideaSelection,"Uh, go ahead and just put a fifth one."
17:55:23,Experimenter 0,ideaSelection,"Just pick, doesn't matter."
17:55:24,G1P2,ideaSelection,Okay.
17:55:25,G1P1,ideaSelection,"Uh, can, um, the networking?"
17:55:30,G1P2,ideaSelection,Okay.
17:55:30,G1P1,ideaSelection,uh… between students…
17:55:47,G1P2,ideaSelection,High school alumni?
17:55:50,G1P1,ideaSelection,"Uh, Ail-U-M-N-I."
17:55:53,G1P2,ideaSelection,"Okay, I think there's only one I."
17:55:57,G1P2,ideaSelection,There.
17:56:05,Experimenter 0,ideaSelection,"Okay, so now we've got that. Perfect."
17:56:11,Experimenter 0,ideaSelection,"Um, let's see… So, we are now moving into the final section of the experiment."
17:56:17,Experimenter 0,ideaSelection,"Uh, in this section, we will use an AI tool to select the top 5 ideas from the ideas you've generated."
17:56:22,Experimenter 0,ideaSelection,earlier. Um…
17:56:22,G1P1,ideaSelection,"Oh, fun!"
17:56:25,Experimenter 0,ideaSelection,"So, I've already uploaded the transcript file."
17:56:28,Experimenter 0,ideaSelection,Um…
17:56:29,Experimenter 0,ideaSelection,This contains the transcript for the ideas that you generated during the brainstorming session.
17:56:35,Experimenter 0,ideaSelection,Participant 2 will go ahead and have you help me out again.
17:56:39,Experimenter 0,ideaSelection,"Uh, if you can go ahead and share your screen, like before."
17:56:43,G1P2,ideaSelection,Okay.
17:56:45,G1P1,ideaSelection,"You can say no, but while you're doing this, can I go open my door?"
17:56:51,G1P1,ideaSelection,To let…
17:56:52,Experimenter 0,ideaSelection,"Go ahead, yeah. Yeah."
17:56:53,G1P1,ideaSelection,"Okay, I'm gonna… I can hear…"
17:56:58,Experimenter 0,ideaSelection,Okay. So…
17:57:00,Experimenter 0,ideaSelection,"Now,"
17:57:04,Experimenter 0,ideaSelection,"Um,"
17:57:07,Experimenter 0,ideaSelection,"Let's see… please, uh, copy and paste the transcript file."
17:57:13,Experimenter 0,ideaSelection,"Uh, from the Zoom chat."
17:57:15,Experimenter 0,ideaSelection,"And go ahead and paste it, or, uh, insert it into the, uh…"
17:57:16,G1P2,ideaSelection,Okay.
17:57:24,Experimenter 0,ideaSelection,"into the… I have lost words… uh, into the chatbot. Yes, and to ask anything, yes, thank you."
17:57:27,G1P2,ideaSelection,And do the Ask Anything?
17:57:32,G1P2,ideaSelection,"Uh, give me just a moment."
17:57:33,G1P2,ideaSelection,"I didn't download it yet, so we just moments, sorry."
17:57:36,Experimenter 0,ideaSelection,"No worries, you're okay."
17:57:39,G1P1,ideaSelection,"Also, thank you."
17:57:40,Experimenter 0,ideaSelection,"Yeah, of course."
17:57:42,G1P1,ideaSelection,It would have been better than…
17:57:45,G1P1,ideaSelection,for winding the entire rest of the time.
17:57:47,Experimenter 0,ideaSelection,Of course.
17:57:53,G1P1,ideaSelection,"So is this part mostly just to see what it says, or is there talking?"
17:58:04,Experimenter 0,ideaSelection,"Unfortunately, we can't discuss that."
17:58:07,G1P1,ideaSelection,"Oh, okay."
17:58:07,Experimenter 0,ideaSelection,No worries.
17:58:25,Experimenter 0,ideaSelection,"Oh, and I completely forgot."
17:58:27,Experimenter 0,ideaSelection,"This is my bad. I completely forgot, also, the prompt for that."
17:58:32,Experimenter 0,ideaSelection,"to go in with that, give me one second."
17:58:50,G1P2,ideaSelection,"Now, we start a new chat."
17:58:53,Experimenter 0,ideaSelection,"Uh, no, this should be…"
17:58:57,Experimenter 0,ideaSelection,"Yeah, you know what? Go ahead and start a new chat."
17:59:00,Experimenter 0,ideaSelection,Just copy and paste that same link.
17:59:00,G1P2,ideaSelection,Okay.
17:59:01,Experimenter 0,ideaSelection,"Yeah, perfect. Um…"
17:59:02,G1P2,ideaSelection,Mm-hmm.
17:59:11,G1P2,ideaSelection,And then the prompt?
17:59:13,Experimenter 0,ideaSelection,"Yes, um, give me one second."
17:59:16,G1P2,ideaSelection,If I attach it with this before I push send?
17:59:18,Experimenter 0,ideaSelection,Yes. Give me one second…
17:59:19,G1P2,ideaSelection,Okay.
17:59:22,Experimenter 0,ideaSelection,I have to go
18:00:31,Experimenter 0,ideaSelection,"Okay, and then here is…"
18:00:34,Experimenter 0,ideaSelection,the prompt.
18:00:50,Experimenter 0,ideaSelection,to include that.
18:00:50,G1P2,ideaSelection,See?
18:00:54,G1P2,ideaSelection,work for me.
18:00:58,G1P2,ideaSelection,There we go.
18:01:00,G1P2,ideaSelection,"Naomi, at the beginning or the end of the, um, transcript?"
18:01:04,Experimenter 0,ideaSelection,"Um, at the end."
18:01:16,G1P2,ideaSelection,"Being technology, not friends. I should probably already have already told you that."
18:01:17,Experimenter 0,ideaSelection,"That's okay. And so, instead of… and here, we can also do this, this might be easier. Go ahead and press, uh, go ahead and close this window."
18:01:23,G1P2,ideaSelection,"Go ahead and press, uh…"
18:01:26,G1P2,ideaSelection,Which one?
18:01:27,Experimenter 0,ideaSelection,"Actually, uh, the downloads one."
18:01:33,G1P2,ideaSelection,"What one? Oh, I have it up, because I erased it by accident."
18:01:33,Experimenter 0,ideaSelection,"Uh, the… the…"
18:01:37,Experimenter 0,ideaSelection,"Oh yeah, no, you're… you're okay. Um, I think it would be easier if you just, um, like,"
18:01:37,G1P2,ideaSelection,I have to redo the transcript.
18:01:44,Experimenter 0,ideaSelection,"If you added the file, instead of copying and pasting all the contents."
18:01:51,Experimenter 0,ideaSelection,"Uh, so if you go ahead and close the… this part, too, if you press the little plus sign in the bottom left-hand corner…"
18:01:55,G1P1,ideaSelection,I think if you…
18:01:57,G1P1,ideaSelection,Yeah.
18:02:02,Experimenter 0,ideaSelection,"And then it should be, like…"
18:02:03,G1P2,ideaSelection,Final 10 corner?
18:02:04,Experimenter 0,ideaSelection,"the, uh, the bottom left-hand corner."
18:02:04,G1P1,ideaSelection,"Yeah, of the chat bar."
18:02:06,Experimenter 0,ideaSelection,"Yes. Uh, and then go ahead, um…"
18:02:11,Experimenter 0,ideaSelection,with that text that you adjust.
18:02:12,Experimenter 0,ideaSelection,down a little bit.
18:02:14,G1P1,ideaSelection,On the other side of the…
18:02:18,G1P1,ideaSelection,"arrow, where it's, like, submit."
18:02:21,Experimenter 0,ideaSelection,"Yeah, that one, right there."
18:02:27,G1P2,ideaSelection,I have it in there now.
18:02:29,Experimenter 0,ideaSelection,"Oh,"
18:02:30,G1P1,ideaSelection,"Oh, okay."
18:02:31,G1P2,ideaSelection,"Uh, please."
18:02:31,Experimenter 0,ideaSelection,"Okay, yeah, go ahead and send, and let's see what happens."
18:02:44,Experimenter 0,ideaSelection,"Okay, and then if you could… and then if you could go ahead and copy…"
18:02:47,Experimenter 0,ideaSelection,and paste its response into the Zoom chat.
18:02:51,G1P2,ideaSelection,Okay.
18:03:04,Experimenter 0,ideaSelection,And just the idea. Perfect.
18:03:05,G1P2,ideaSelection,Why don't you?
18:03:08,G1P2,ideaSelection,"Me, work for me."
18:03:13,G1P2,ideaSelection,"I'm gonna let you know this, one thing that will…"
18:03:16,G1P2,ideaSelection,"About me, computers hate me."
18:03:20,Experimenter 0,ideaSelection,"No worries. I figured there were gonna be issues, and that is okay."
18:03:26,G1P2,ideaSelection,So we're just gonna do bits by bits of this. Give me another minute.
18:03:34,Experimenter 0,ideaSelection,"Uh, and really what I need is just the 1 to 5. I don't need anything else from it."
18:03:38,G1P2,ideaSelection,Mm-hmm.
18:03:39,G1P2,ideaSelection,Mm-hmm. Yeah. It won't let me scroll and copy.
18:03:45,Experimenter 0,ideaSelection,Okay.
18:03:48,G1P2,ideaSelection,how to do that.
18:03:52,G1P2,ideaSelection,There. Just post it now.
18:03:55,Experimenter 0,ideaSelection,"Perfect, alright."
18:03:59,G1P2,ideaSelection,the shops are sharing screen now.
18:04:01,Experimenter 0,ideaSelection,"Yes, you can go ahead and stop sharing your screen."
18:04:05,G1P2,ideaSelection,"Okay, cool."
18:04:05,Experimenter 0,ideaSelection,"Okay, so now…"
18:04:24,G1P2,ideaSelection,Hey! Pretty good!
18:04:27,G1P1,ideaSelection,I'm trying not to… I'm not trying not to talk.
18:04:27,Experimenter 0,ideaSelection,Okay.
18:04:30,Experimenter 0,ideaSelection,"So now we've got that. Okay, so I appreciate that, thank you. Sorry for, you know, the technical difficulties."
18:04:37,Experimenter 0,ideaSelection,"Um, this concludes the experimental tasks."
18:04:40,Experimenter 0,ideaSelection,"Uh, I am now sending a link"
18:04:42,Experimenter 0,ideaSelection,to a brief post-ask questionnaire in the chat.
18:04:49,Experimenter 0,ideaSelection,"Uh, and this will be the same, uh,"
18:04:52,Experimenter 0,ideaSelection,You will complete them the same as you had done before.
18:04:54,Experimenter 0,ideaSelection,give me one second to get…
18:05:01,G1P1,ideaSelection,"Wait, so can we not talk about…"
18:05:04,G1P2,ideaSelection,Okay. What?
18:05:05,G1P1,ideaSelection,what AI thought.
18:05:09,Experimenter 0,ideaSelection,"not for… not for this experiment, no."
18:05:12,G1P1,ideaSelection,Okay.
18:05:13,G1P2,ideaSelection,Hmm.
18:05:30,Experimenter 0,ideaSelection,"I'm sorry about that, had to go around."
18:05:35,Experimenter 0,ideaSelection,"Okay, and so this is the post-task questionnaire. Uh, once you finish the questionnaire, please type finished in the chat, uh, after everyone is finished, I will provide a brief debriefing regarding the purpose of the study."
18:05:46,Experimenter 0,ideaSelection,"Uh, and then you'll be free to go. Uh, tonight, you cannot receive course credit for your participation in the study if you do not complete the post-task questionnaire."
18:08:13,G1P2,ideaSelection,I have a question. What group are we? The AI examples?
18:08:19,Experimenter 0,ideaSelection,"Uh, yes, so you are the AI example group."
18:08:23,G1P2,ideaSelection,Okay.
18:13:16,G1P2,ideaSelection,Hmm.
18:16:32,Experimenter 0,ideaSelection,"Okay, perfect. Um, so…"
18:16:37,Experimenter 0,ideaSelection,"Um… oh my gosh, okay."
18:16:38,Experimenter 0,ideaSelection,"So, what was the experiment about? So, the experiment we were interested in looking at"
18:16:44,Experimenter 0,ideaSelection,"Um, how…"
18:16:45,Experimenter 0,ideaSelection,"AI-generated ideas, um…"
18:16:49,Experimenter 0,ideaSelection,"influenced, uh, your brainstorming as you did it. So what we did was the first part, we kind of captured, okay,"
18:16:56,Experimenter 0,ideaSelection,"How do they get… how do they do just as a baseline, and then…"
18:17:00,Experimenter 0,ideaSelection,"um, kind of induce a little bit of fatigue."
18:17:03,Experimenter 0,ideaSelection,"And then just to see, okay,"
18:17:05,Experimenter 0,ideaSelection,"now that they have examples,"
18:17:08,Experimenter 0,ideaSelection,what are the qualities of… or…
18:17:10,Experimenter 0,ideaSelection,"how are the quality of the ideas that they generated? And so, that's what we were really looking at for this study. And then, uh, we have an interesting fatigue in our labs, so that's why you saw the fatigue questionnaire kind of at the end."
18:17:20,Experimenter 0,ideaSelection,"was to get an idea of, uh, your fatigue, specifically related to Zoom."
18:17:24,Experimenter 0,ideaSelection,"Uh, and then, of course, anything as far as related to the brainstorming."
18:17:28,Experimenter 0,ideaSelection,"Uh, as far as the brainstorming part."
18:17:33,Experimenter 0,ideaSelection,"Uh, as a note, I mentioned both of you want extra credit for the class, yes?"
18:17:37,Experimenter 0,ideaSelection,"Okay, so what I'm going to do is, with your permission, I'm going to take a photo of the screen that'll be shared with Dr. Baruis, that way you can get your credit."
18:17:44,Experimenter 0,ideaSelection,"Um, and then, uh, that'll be how you get your extra credit. So, cool with you guys?"
18:17:50,G1P2,ideaSelection,Mm-hmm.
18:17:50,Experimenter 0,ideaSelection,"Perfect, so let me go ahead and grab that."
18:17:54,Experimenter 0,ideaSelection,"And I'll let you know when I take the photo, so you can…"
18:17:58,Experimenter 0,ideaSelection,"smile, whatever, at that."
18:17:59,Experimenter 0,ideaSelection,"And it's just recorded anyway. Alright, ready?"
18:18:03,Experimenter 0,ideaSelection,"1, 2, 3…"
18:18:07,Experimenter 0,ideaSelection,"Alright, cool. I got that."
18:18:10,Experimenter 0,ideaSelection,"like I said, that'll be shared with Dr. Barua for credit."
18:18:16,Experimenter 0,ideaSelection,for your course credit.
18:18:22,Experimenter 0,ideaSelection,Great. And then…
18:18:23,Experimenter 0,ideaSelection,"Um, just as a heads up, uh, do not share anything about this experiment or your experience."
18:18:30,Experimenter 0,ideaSelection,"with anyone else in the class, friends, etc., because they might end up being a participant, and I'd rather not know about what's coming."
18:18:38,Experimenter 0,ideaSelection,"Um, uh, yeah, and they'll know what to expect. And so, I believe that's everything, and it looks like I do have everything from…"
18:18:38,G1P2,ideaSelection,Mm-hmm.
18:18:47,Experimenter 0,ideaSelection,"your… your informed consent and PRE, uh, so that's all I have for you guys. Do you have any questions?"
18:18:54,Experimenter 0,ideaSelection,No? Okay.
18:18:55,G1P1,ideaSelection,I don't think so.
18:18:56,Experimenter 0,ideaSelection,"Perfect. Um, that's everything. Thank you guys so much for participating."
18:19:00,G1P1,ideaSelection,Of course.
18:19:01,Experimenter 0,ideaSelection,Y'all have a good night.
18:19:02,G1P2,ideaSelection,Me too. Bye.
18:19:03,G1P1,ideaSelection,I need to… bye!
18:19:15,Experimenter 0,ideaSelection,This…
